Test Trajectory,Learner Trajectory,Test Actions,Learner Actions,Test Rewards,Learner Rewards,Test Return,Learner Return
337_334_186_189_212_209_50_53_291_275_326,337_334_186_189_212_210,0.0_1.0_0.0_0.0_0.0_0.0_0.0_1.0_0.0_1.0,0.0_1.0_0.0_0.0_1.0,1.1287405490875244_1.0912657976150513_1.1235946416854858_1.1283237934112549_1.1281129121780396_1.4655992984771729_1.4607855081558228_1.0939832925796509_1.1071857213974_1.12190580368042,1.1298534870147705_1.0912714004516602_1.1259052753448486_1.128532886505127_1.0957880020141602,11.849497318267822,5.571351051330566
